{
    "10.160.7.136": {
        "origin": [
            -87.61807766170858,
            33.2336907172927
        ],
        "angle": 297
    },
    "10.160.7.137": {
        "origin": [
            -87.61862541851291,
            33.23410729705861
        ],
        "angle": 120.5
    },
    "10.160.7.141": {
        "origin": [
            -87.61426751350537,
            33.23470889034432
        ],
        "angle": 297
    },
    "10.160.7.142": {
        "origin": [
            -87.61469655983454,
            33.2350172854493
        ],
        "angle": 127.5
    },
    "10.160.7.146": {
        "origin": [
            -87.61022473278891,
            33.23564062986294
        ],
        "angle": 305.5
    },
    "10.160.7.147": {
        "origin": [
            -87.61063693575794,
            33.23599913472041
        ],
        "angle": 134
    }
}